Name of the product,Price_num
"EXCaliberPC [2025] MSI Titan 18 HX AI A2XWJG-614US Pro Extreme (Intel Core Ultra 9 285HX, 64GB DDR5 RAM, 10TB NVMe SSD, NVIDIA GeForce RTX 5090, 18"" UHD+ Mini LED, Windows 11 Pro) Gaming Laptop",6619.0
"EXCaliberPC [2025] ASUS ROG Strix Scar 16 G635LX-XS97 (Intel Core Ultra 9 275HX, 32GB DDR5 RAM, 2TB NVMe SSD, NVIDIA GeForce RTX 5090, 16"" 240Hz Mini LED, Windows 11 Pro) Gaming Laptop",4399.0
"MSI Raider 18 HX AI 18” 120Hz UHD+ Gaming Laptop: Intel Core U9-285HX, NVIDIA Geforce RTX 5080, 64GB DDR5, 4TB NVMe SSD, Thunderbolt 5, Wi-Fi 7, Win 11 Home: Black A2XWIG-014US",3999.0
"EXCaliberPC [2025] MSI Vector A18 HX A9WIG-076US (AMD Ryzen 9 9955HX, 96GB DDR5 RAM, 2X 2TB NVMe SSD, NVIDIA GeForce RTX 5080, 18"" QHD+ 240Hz, Windows 11 Pro) Gaming Laptop",3949.0
"EXCaliberPC [2025] MSI Vector A18 HX A9WIG-076US (AMD Ryzen 9 9955HX, 96GB DDR5 RAM, 2X 2TB NVMe SSD, NVIDIA GeForce RTX 5080, 18"" QHD+ 240Hz, Windows 11 Pro) Gaming Laptop",3949.0
"EXCaliberPC [2025] ASUS ROG Strix Scar 18 G835LW-XS97 (Intel Core Ultra 9 275HX, 96GB DDR5 RAM, 2TB NVMe SSD, NVIDIA GeForce RTX 5080, 18"" 240Hz Mini LED, Windows 11 Pro) Gaming Laptop",3899.0
"EXCaliberPC [2025] MSI Stealth 18 HX AI A2XWHG-029US Pro Extreme (Intel Core Ultra 9 275HX, 96GB DDR5 RAM, 2TB NVMe SSD, NVIDIA GeForce RTX 5070Ti, 18"" QHD+ 240Hz, Windows 11 Pro) Gaming Laptop",3539.0
"MSI Vector A18 HX 18” 240Hz QHD+ Gaming Laptop: AMD Ryzen 9-9955HX, NVIDIA Geforce RTX 5080, 64GB DDR5, 2TB NVMe SSD, Type C, Wi-Fi 7, Win 11 Pro: Cosmo Gray A9WIG-076US",3399.0
"ASUS ROG Strix SCAR 18 (2025) Gaming Laptop, 18” ROG Nebula HDR 16:10 2.5K 240Hz/3ms, NVIDIA® GeForce RTX™ 5080, Intel® Core™ Ultra 9 275HX, 32GB DDR5-5600, 2TB PCIe Gen 4 SSD, Wi-Fi 7, Windows 11 Pro",3399.0
"EXCaliberPC [2025] MSI Vector 16 HX AI A2XWIG-058US (Intel Core Ultra 9 275HX, 32GB DDR5 RAM, 2TB NVMe SSD, NVIDIA GeForce RTX 5080, 16"" QHD+ 240Hz, Windows 11 Pro) Gaming Laptop",3099.0
"MSI Vector 16 HX AI 16” 240Hz QHD+ Gaming Laptop: Intel Core Ultra 9-275HX, NVIDIA Geforce RTX 5080, 32GB DDR5, 2TB NVMe SSD, Thunderbolt 5, Wi-Fi 7, Win 11 Pro: Cosmo Gray A2XWIG-058US",2937.23
"[2024] ASUS ROG Zephyrus G16 GA605WV-XB96 Pro Extreme (AMD Ryzen AI 9 HX 370, 32GB RAM, 4TB NVMe SSD, NVIDIA GeForce RTX 4060, 16"" 240Hz OLED, Windows 11 Pro) Gaming Laptop - Platinum White",2575.0
"MSI Stealth 14 AI Studio 14” 165Hz FHD+ Gaming Laptop: Intel Core Ultra 9-185H, NVIDIA Geforce RTX 4060, 32GB DDR5, 1TB NVMe SSD, Thunderbolt 4, Win 11 Pro: Star Blue A1VFG-091US",1999.0
"OMEN by HP 2019 17-Inch Gaming Laptop, Intel i7-9750H, NVIDIA GeForce RTX 2070 (8 GB), 16 GB RAM, 512 GB Solid-State Drive, VR Ready, Windows 10 Home (17-cb0080nr, Shadow Black)",1999.0
"MSI Stealth 14 AI Studio 14” 165Hz FHD+ Gaming Laptop: Intel Core Ultra 9-185H, NVIDIA Geforce RTX 4060, 32GB DDR5, 1TB NVMe SSD, Thunderbolt 4, Win 11 Pro: Star Blue A1VFG-091US",1999.0
Microsoft Surface Laptop 4 13.5” Touch-Screen – Intel Core i7 - 16GB - 512GB Solid State Drive - Matte Black,1899.0
Microsoft Surface Laptop 4 13.5” Touch-Screen – Intel Core i7 - 16GB - 512GB Solid State Drive - Matte Black,1899.0
"Dell G16 7630 Gaming Laptop, 16"""" QHD Display, Intel Core i9-13900HX, 64 GB DDR5 RAM, 2 TB NVMe SSD, NVIDIA GeForce RTX 4070, Backlit Keyboard, Windows 11 Home, Metallic Nightshade, Dark Gray",1899.0
"Lenovo ThinkPad P16v Gen 2 Mobile Workstation Laptop (16"" 4K 100%DCI-P3, NVIDIA RTX 1000 Ada 6GB, Intel Ultra 7 155H, 64GB DDR5 RAM, 2TB SSD) 800 nits, 2 x Thunderbolt 4, 5MP IR Webcam, Win 11 Pro",1799.99
"GIGABYTE AORUS 15X: 15.6"" 16:9 Thin Bezel QHD 2560x1440 165Hz, NVIDIA GeForce RTX 4070 Laptop GPU 8GB GDDR6, Intel Core i9-13980HX, 16GB DDR5 RAM, 1TB SSD, Win11 Home (AORUS 15X ASF-D3US754SH), Black",1499.0
"MSI Summit 13 AI+ Evo (2024) 13.3"" FHD+ Professional Laptop: Intel Core Ultra 7-258V, ARC Graphics, 32GB LPDDR5X, 1TB NVMe SSD, Thunderbolt 4, Win 11 Pro: Ink Black A2VMTG-012US",1499.0
"Acer Predator Helios Neo 14 Gaming Laptop | 14.5"" WQXGA+ IPS 165Hz Display | AI-Powered | Intel Core Ultra 9 Processor 185H | NVIDIA GeForce RTX 4070 | 16GB LPDDR5X | 1TB Gen 4 SSD | PHN14-51-90NF",1399.0
"MSI Prestige A16 AI+ (2024) 16” QHD+ Business Laptop: AMD Ryzen AI 9-365, Radeon Graphics, 32GB LPDDR5x, 1TB NVMe SSD, Type-C, WiFi 7, Win 11 Home: Urban Silver A3HMG-016US",1399.0
"EXCaliberPC [2025] MSI Stealth 14 AI Studio A1VFG-068US (Intel Core Ultra 7 155H, 32GB DDR5 RAM, 1TB NVMe SSD, NVIDIA GeForce RTX 4060, 14"" FHD+ 165Hz, Windows 11) Gaming Laptop",1399.0
"MSI Prestige A16 AI+ (2024) 16” QHD+ Business Laptop: AMD Ryzen AI 9-365, Radeon Graphics, 32GB LPDDR5x, 1TB NVMe SSD, Type-C, WiFi 7, Win 11 Home: Urban Silver A3HMG-016US",1399.0
"MSI Cyborg 15 AI A1VFK-099US 15.6"" Full HD 144Hz Gaming Laptop, Intel Core Ultra 7 155H 1.4GHz, 32GB RAM, 1TB SSD, NVIDIA GeForce RTX 4060 8GB, Windows 11 Pro, Translucent Black",1299.99
"HP Victus 15 Gaming Laptop, 15.6"" FHD 144Hz Display Portatil Gamer, Core i7-13620H, NVIDIA GeForce RTX 4060,32GB RAM 2TB SSD, Lifetime Windows 11 Pro and Office Pro with Sound-Controlled Light",1269.0
"HP Victus 15 Gaming Laptop, 15.6"" FHD 144Hz Display Portatil Gamer, Core i7-13620H, NVIDIA GeForce RTX 4060,32GB RAM 2TB SSD, Lifetime Windows 11 Pro and Office Pro with Sound-Controlled Light",1269.0
"MSI Ultralight Stealth 14 Gaming Laptop - 13th Gen Intel i7-13620H - Nvidia Geforce RTX 4060-14"" 165HZ FHD - Wi-Fi 6 - Thunderbolt 4 - Windows11 Home - HDMI Cable (32GB RAM | 2TB SSD)",1259.0
"MSI Prestige 13 AI+ Evo (2024) 13.3” 2.8K OLED Business Laptop: Intel Core Ultra 7-258V, Arc Graphics, 32GB LPDDR5x, 1TB NVMe SSD, Thunderbolt 4, WiFi 7, Win 11 Pro: Stellar Gray A2VMG-014US",1160.25
"Lenovo 2020-2021 ThinkPad P15 Gen 1 - High-End Workstation Laptop: Intel 10th Gen i9-10885H Octa-Core, 64GB RAM, 1TB NVMe SSD, 15.6"" FHD IPS HDR Display, Quadro RTX 4000, Win 10 Pro, Black",1089.99
"acer Swift 16 AI Laptop 16"" 3k OLED Touch 100% DCI-P3 Intel 8-core Ultra 7 Series 2 256V (Up to 47 Tops) 16GB DDR5 1TB SSD for Creator Designer Business Professional Win11Pro ICP Hub/Copilot+ AI PC",949.49
"acer Swift 16 AI Laptop 16"" 3k OLED Touch 100% DCI-P3 Intel 8-core Ultra 7 Series 2 256V (Up to 47 Tops) 16GB DDR5 1TB SSD for Creator Designer Business Professional Win11Pro ICP Hub/Copilot+ AI PC",949.49
"MSI Prestige 16 EVO 16"" QHD+ 165Hz Laptop: Intel Core i9-13900H, Intel Iris Xe, 32GB DDR5, 1TB NVMe SSD, Thunderbolt 4, HDMI, MicroSD Card Reader, Win 11 Pro: Urban Silver A13M-408US",925.6
"ASUS Vivobook S 14 OLED Slim Laptop, AMD Ryzen AI 9 365(10 Cores), 24GB, 512GB SSD, Customizable RGB Keyboard, Neutral Black, M5406WA-DS76",864.39
"MSI Prestige 14 EVO 14” FHD+ Business Laptop: Intel Core i9-13900H, Intel Iris Xe, 32GB DDR5, 1TB NVMe SSD, Type-C, Thunderbolt 4, Win 11 Pro: Urban Silver B13M-633US",829.0
"HP Victus 15.6"" Full HD 144Hz Gaming Laptop, Intel Core i5-12450H, NVIDIA GeForce RTX 3050,64GB RAM, 2TB PCIe SSD, Backlit Keyboard, Wi-Fi 6, Windows 11 Pro, Performance Blue",789.0
"Dell Latitude 3550 Laptop Computer for Business and Work, 13th Gen Intel 10-Core i5-1335U (Beat i7-1255U), 16GB DDR5 RAM, 512GB PCIe SSD, 15.6"" FHD, WiFi 6E, Bluetooth 5.3, USB4 Type-C, Windows 11 Pro",750.0
Men's Leather Bags Briefcases Office Bags Leather Laptop Bags Briefcases Handbags,714.0
"ASUS : 2023 Vivobook 17X Laptop, 17.3” FHD Display, Intel Core i9-13900H CPU, 16GB RAM, 1TB SSD, Windows 11 Home, Transparent Silver, K3704VA-DH96-S",699.14
Microsoft Surface Laptop 4 13.5” Touch-Screen – Intel Core i5 - 8GB - 512GB Solid State Drive - Platinum,648.79
"HP Victus 15.6"" Full HD 144Hz Gaming Laptop, Intel Core i5-12450H, NVIDIA GeForce RTX 3050,16GB RAM, 512GB PCIe SSD, Wi-Fi 6, Backlit Keyboard,Windows 11 Pro, Performance Blue",609.0
"HP 255 G10 Business Laptop 250 Series (15.6"" FHD IPS Anti-glare, 32GB RAM, 1TB SSD, Intel 10-Core i5-1334U (> AMD Ryzen 7-7530U)), Military Grade, Webcam w/Shutter, Numeric Keypad, HDMI, Win 11 Pro",599.98
"HP Victus 15.6 inch Laptop, FHD 144Hz Display, Intel Core i5-12450H, 8 GB RAM, 512 GB SSD, NVIDIA GeForce RTX 2050 GPU (4 GB Dedicated), Windows 11 Home, 15-fa1029nr (2024)",586.86
"HP Victus 15.6 inch Laptop, FHD 144Hz Display, Intel Core i5-12450H, 8 GB RAM, 512 GB SSD, NVIDIA GeForce RTX 2050 GPU (4 GB Dedicated), Windows 11 Home, 15-fa1029nr (2024)",586.86
"HP Victus 15.6"" Full HD 144Hz Gaming Laptop, Intel Core i5-12450H,32GB RAM,1TB PCIe SSD, NVIDIA GeForce RTX 3050, Wi-Fi 6, Backlit Keyboard,Windows 11 Pro, Performance Blue",579.0
"HP Victus 15.6"" Full HD 144Hz Gaming Laptop, Intel Core i5-12450H, NVIDIA GeForce RTX 3050,16GB RAM, 1TB PCIe SSD, Backlit Keyboard, Wi-Fi 6, Windows 11 Pro, Performance Blue",559.97
"HP - Victus 15.6"" Full HD 144Hz Gaming Laptop - Intel Core i5-13420H - 8GB Memory - NVIDIA GeForce RTX 3050-512GB SSD - Performance Blue",549.99
"Acer Swift Go Intel Evo Thin & Light Premium Laptop 14"" 1920x1200 100% sRGB Touch Screen Display Intel Core i7-1355U Intel Iris Xe 16GB LPDDR5 512GB Gen 4 SSD SFG14-71T-72QV",540.0
CSCDD Portable Laptop Bag PU Leather Fashionable and high-end Black Men's Handbag,456.0
"Lenovo V15 Laptop, 15.6"" FHD Display, AMD Ryzen 5 5500U Hexa-core Processor (Beat Intel i7-1065G7), 16GB RAM, 512GB SSD, HDMI, RJ45, Numeric Keypad, Wi-Fi, Windows 11 Pro, Black",450.0
"Lenovo V-Series V15 Business Laptop, 15.6"" FHD Display, AMD Ryzen 7 7730U, 40GB RAM, 1TB SSD, Numeric Keypad, HDMI, RJ45, Webcam, Wi-Fi, Windows 11 Pro, Black",449.97
"ASUS VivoBook 17 Business Laptop | 17.3"" FHD IPS Anti-Glare | Intel 6-core i3-1215U (>i7-1165G7) | 16GB RAM 512GB SSD | USB-C SonicMaster Win11Pro w/DLCA Accessory",399.99
"ASUS VivoBook 17 Business Laptop | 17.3"" FHD IPS Anti-Glare | Intel 6-core i3-1215U (>i7-1165G7) | 16GB RAM 512GB SSD | USB-C SonicMaster Win11Pro w/DLCA Accessory",399.99
"Lenovo IdeaPad 15.6"" FHD Touchscreen Laptop (16GB RAM, 512GB SSD, Intel 6-Core i3-1215U (> i5-1135G7)), Narrow Bezel, Webcam, 10-Hour Long Battery Life, Wi-Fi 6, Win 11 Home S Mode, Cloud Grey",399.98
"acer Aspire 3 Laptop | 15.6"" Full HD Display | AMD Ryzen 7 5700U Processor | AMD Radeon Graphics | 16GB RAM | 512GB SSD | Wi-Fi 6 | Windows 11 Home | DealExpress Accessories",350.0
"Crucial 128GB Kit (2X64GB) DDR5 RAM 5600MHz (or 5200MHz or 4800MHz) Laptop Memory Kit, SODIMM 262-Pin, Compatible with Latest Intel Core Ultra and AMD Ryzen 8000 & Above – CT2K64G56C46S5",312.95
Time Resistance Leather Briefcase - Italian Handmade Leather Laptop Bag - Handbag for Men - Professional Computer Case,307.53
"HP Essential Laptop, 15.6"" FHD Display, Intel Core i3-1215U Processor, 16GB RAM, 1TB SSD, Webcam, Wi-Fi 6, HDMI, Windows 11 Home, KKE Accessories, Gray",293.55
"Targus USB C Universal Docking Station with Quad 4K(QV4K), Docking Station Single 5K/Quad 4K UHD Display,USB C Laptop Docking Station with 4 DisplayPort or 4 HDMI Ports/100W Power Delivery(DOCK570USZ)",279.0
"HP 17.3"" HD+ Display Business Laptop, AMD Ryzen 3 7320U, Windows 11 Home S, 8GB DDR5 RAM, 256GB SSD, Wi-Fi, Bluetooth, HDMI, Webcam w/OD",277.97
"Acer Aspire 3 A315-24P-R7VH Slim Laptop | 15.6"" Full HD IPS Display | AMD Ryzen 3 7320U Quad-Core Processor | AMD Radeon Graphics | 8GB LPDDR5 | 128GB NVMe SSD | Wi-Fi 6 | Windows 11 Home in S Mode",270.0
"Gaming Laptop,15.6 Inch Laptop Computer,16GB RAM 1TB SSD,N5095 4C/4T Processor(up to 2.9Ghz),UHD Graphics,15.6” FHD 1920 * 1080 Display,WiFi 5,BT5.0,Backlit Keyboard,Fingerprint Unlock",252.79
"Lenovo Ideapad 3 Laptop, 15.6"" HD Touchscreen Display, 11th Gen Intel Core i3-1115G4 Processor, 12GB DDR4 RAM, 512GB PCIe SSD, Bluebooth, Webcam, Wi-Fi, HDMI, Windows 11 Home, Grey",247.99
Business Leisure Backpack Laptop Backpack High end Backpack(D),242.0
"Dell Inspiron Laptop, 15.6"" HD Display, AMD Ryzen 5 3450U Processor, 16GB RAM, 1TB SSD, Webcam, HDMI, SD Card Reader, Wi-Fi, Windows 11 Home, Carbon Black",239.0
"Lenovo - IdeaPad 3 15"" Laptop - Intel Core i3-1005G1-8GB Memory - 256GB SSD - Platinum Grey - 81WE011UUS",238.0
ASURION 4 Year Laptop Protection Plan ($1500 - $1999.99),229.99
"McKlein 15"" Leather Fly-Through Checkpoint-Friendly Patented Detachable -Wheeled Laptop Briefcase- ROSEVILLE- Red",220.81
Portable laptop bag PU leather fashionable and high-end black men's handbag,219.0
JSEIAJB Business Leisure Backpack Laptop Backpack High end Backpack(E),218.0
"14"" Laptop Windows 11 Pro - Intel N5095 Quad-Core, 8GB RAM 128GB SSD, WiFi 5/Bluetooth 5.0, Webcam Privacy Cover, Preloaded Office 2024 - Ultra-Portable",216.81
Business Leisure Backpack Laptop Backpack High end Backpack(E),213.0
"Siamod, VERNAZZA, Carugetto, Napa Cashmere Leather, 15"" Leather Patented Detachable -Wheeled Laptop Briefcase, Black (45295)",210.19
Business Leisure Backpack Laptop Backpack High end Backpack(D),191.0
"Acer Aspire 1 A115-32-C96U Slim Laptop | 15.6"" FHD Display | Intel Celeron N4500 Processor | 4GB DDR4 | 128GB eMMC | WiFi 5 | Microsoft 365 Personal 1-Year Subscription | Windows 11 in S Mode, Silver",190.0
JSEIAJB Portable laptop bag PU leather fashionable and high-end black men's handbag,172.0
"Siamod CERESOLA 46005 Black Checkpoint-Friendly 15.6"" Detachable-Wheeled Laptop Case",171.95
HBJWOV Portable laptop bag PU leather fashionable and high-end black men's handbag,162.0
ASURION 4 Year Laptop Protection Plan ($900 - $999.99),159.99
"ASUS Chromebook CM14 Laptop, 14"" HD Anti-Glare Display (1366x768), MediaTek Kompanio 520, 4GB RAM, 64GB eMMC, ChromeOS, Gray, CM1402CM2A-DS44, Gravity Grey",158.68
"McKlein 15"" Leather Laptop Briefcase- LAKE FOREST- Navy",151.75
Portable laptop bag PU leather fashionable and high-end black men's handbag,148.0
"HP Chromebook 14 Laptop, Intel Celeron N4000 Processor, 4 GB RAM, 32 GB eMMC, 14” HD Display, Chrome, Lightweight Computer with Webcam and Dual Mics, Home, School, Music, Movies (14a-na0021nr, 2021)",141.63
"McKlein 17"" Nylon Patented Detachable -Wheeled Laptop Briefcase- CLINTON- Black",137.2
"Thule Accent 15.6"" Laptop Bag",134.95
"HP Chromebook 11-inch Laptop - Up to 15 Hour Battery Life - MediaTek - MT8183 - 4 GB RAM - 32 GB eMMC Storage - 11.6-inch HD Display - with Chrome OS™ - (11a-na0021nr, 2020 model, Snow White)",134.78
"McKlein 15"" Leather Triple Compartment Laptop Briefcase- RIVER NORTH- Black",134.7
"Premium Maruse Leather Portfolio Padfolio - Executive Folio for Men and Women with Zipper, Folio Document Organizer, Laptop Sleeve, iPad Case and Folder - Made in Italy, Navy Blue",132.38
"HP Stream 14-inch Laptop, Intel Celeron N4000, 4 GB RAM, 64 GB eMMC, Windows 10 Home in S Mode With Office 365 Personal For 1 Year (14-cb185nr, Royal Blue)",127.99
"Samsung 990 EVO Plus SSD 2TB, PCIe Gen 4x4, Gen 5x2 M.2 2280, Speeds Up-to 7,250 MB/s, Upgrade Storage for PC/Laptops, HMB Technology and Intelligent Turbowrite 2.0, (MZ-V9S2T0B/AM)",126.09
"HP 14 Laptop, Intel Celeron N4020, 4 GB RAM, 64 GB Storage, 14-inch Micro-edge HD Display, Windows 11 Home, Thin & Portable, 4K Graphics, One Year of Microsoft 365 (14-dq0040nr, Snowflake White)",112.99
"Lenovo IdeaPad 1 14 Laptop, 14.0"" HD Display, Intel Celeron N4020, 4GB RAM, 64GB Storage, Intel UHD Graphics 600, Win 11 in S Mode, Cloud Grey",107.0
"Lenovo IdeaPad 1 14 Laptop, 14.0"" HD Display, Intel Celeron N4020, 4GB RAM, 64GB Storage, Intel UHD Graphics 600, Win 11 in S Mode, Cloud Grey",107.0
"Samsung 32GB DDR5 5600MHz PC5-44800 CL46 SODIMM 2Rx8 Dual Rank 1.1V 262-Pin Laptop, Notebook RAM Memory",107.0
"HP Chromebook 11-inch Laptop - MediaTek - MT8183 - 4 GB RAM - 32 GB eMMC Storage - 11.6-inch HD Display - with Chrome OS™ - (11a-na0010nr, 2020 model)",99.17
"Siamod, Monterosso, SETTEMBRE, Embossed Crocco Leather, 15"" Leather Medium Ladies Laptop Briefcase, Black (35525), 15 L x 3 W x 11 H",99.13
A-Tech 32GB Kit (2x16GB) RAM Compatible for Acer Predator Helios 300 Gaming Laptop | DDR4 2933MHz PC4-23400 SODIMM 1.2V 260-Pin Non-ECC SO-DIMM Memory Upgrade,98.0
A-Tech 32GB RAM for DELL Precision 3541 Mobile Workstation Laptop | DDR4 2666 SODIMM PC4-21300 1.2V 260-Pin Memory Upgrade Module,94.0
A-Tech 32GB Kit (2x16GB) RAM for Acer Nitro 5 AN515-53-52FA Gaming Laptop | DDR4 2666MHz SODIMM PC4-21300 (PC4-2666V) Memory Upgrade Modules,91.0
"AZXCG Leather Portfolio Organizer, 3 Ring Binder Padfolio Folder, Resume Zippered Folio for A4/Letter Size Notepad, Business Binder Portfolio with Zipper for 13"" Laptop, Gift for Women, Red",87.99
"[2021 Version]ASUS Vivobook Laptop L210 11.6” ultra thin, Intel Celeron N4020 Processor, 4GB RAM, 64GB eMMC storage, Windows 10 Home in S mode with One Year of Office 365 Personal, L210MA-DB01",85.31
"[2021 Version]ASUS Vivobook Laptop L210 11.6” ultra thin, Intel Celeron N4020 Processor, 4GB RAM, 64GB eMMC storage, Windows 10 Home in S mode with One Year of Office 365 Personal, L210MA-DB01",85.31
32GB DDR4 3200MHz PC4-25600 1.2V 2Rx8 260-Pin SODIMM Laptop RAM Memory Module M471A4G43AB1-CWE…,78.99
"Macally Wireless Bluetooth Space Gray Keyboard and Space Gray Vertical Laptop Stand, Add a High-End Look to Your Office",74.99
"Samsung 870 EVO SATA III SSD 1TB 2.5” Internal Solid State Drive, Upgrade PC or Laptop Memory and Storage for IT Pros, Creators, Everyday Users, MZ-77E1T0B/AM",69.67
"Case Cover for 16.1'' HP OMEN Gaming Laptop 16z-xd/xf 16-xf/wf 16t-wf & Victus 16-s/r 16t-s/r 16-d Sleeve Bag,Detachable PU Leather Notebook Protective Sleeve with Heat Dissipation Holes (Dark Blue)",63.99
"Laptop Case Cover for 16"" HP Pavilion Plus Laptop 16-ab&16t-ab，Detachable 2 in 1 PU Leather Notebook Sleeve Protective Bag with Pen Holder (Dark Blue)",62.99
"Laptop Case Cover for 15.6 inch HP Victus Gaming Laptop 15-FA 15t-FA 15-fb 15z-fb,PU Leather Notebook PC Sleeve Protective Bag with Pen Holder (Wine red)",59.99
"Case Cover for 16"" Lenovo IdeaPad Flex 5 16ABR8 16ALC7 16IAU7 16IRU8 Laptop，2 in 1 PU Leather Notebook Sleeve Detachable Protective Bag Shell with Pen Holder (16inch, Dark Blue)",59.99
"Laptop Cover for 16 inch HP EliteBook 860/865 G11 & EliteBook 660/665 G11 & for HP ProBook 460/465 G11 Case,Separable PU Leather Protective Sleeve Bag Accessories (Dark Grey)",59.99
"16 inch Laptop Case Cover for HP EliteBook 860/865 G9 G10 Sleeve & ZBook Firefly,Detachable PU Leather Protective Shell Bag with Pen Holder (Dark Grey)",59.99
"Laptop Case Cover for ASUS Zenbook S16 UX5606 /UM5606 & for Vivobook 16 Flip TP3607 Sleeve,PU Leather Notebook PC Protective Bag with Pen Holder (Dark Grey)",59.99
"Laptop Case Cover for Dell Pro 16 Plus (PB16250 /PB16255) & Pro16 PC16255 /PC16250 &for Dell 16Plus DB16250 Sleeve,PU Leather Notebook PC Protective Bag with Pen Holder (Dark Grey)",59.99
"Laptop Case Cover for 16 inch HP Pavilion Laptop 16-af 16t-af & 16-ag 16z-ag,Separable PU Leather Notebook PC Sleeve Protective Bag with Pen Holder and Heat Dissipation Holes (Dark Gray)",59.99
"Laptop Case Cover for HP Envy x360 2-in-1 Laptop 16-ad 16z-ad 16-ac 16t-ac & for HP Zbook Firefly 16 Inch G11,Separable PU Leather Protective Bag Accessories with Thermal Vent (Dark Grey)",59.99
"Laptop Case Cover for HP 250 15.6 inch G8 G9 & for HP 255 15.6 inch G8 G9 [not for G10] Sleeve,2 in 1 PU Leather Protective Bag Accessories (Dark Blue)",59.99
Laptop Case Cover for 16 inch MSI Prestige 16 Evo Series & MSI Summit E16 Flip Evo Series[Not for Other Models]，Detachable PU Leather Notebook Sleeve Protective Bag with Pen Holder (Dark Blue),59.99
"Case Cover for 16"" Asus Vivobook Pro 16X OLED M7600 M7601 N7600 N7601 Laptop,Detachable PU Leather Notebook Sleeve Protective Bag Shell with Pen Holder (Dark Grey)",59.99
"16 inch Laptop Case Cover for Lenovo Yoga 7 2-in-1 16ILL10 /16AKP10,PU Leather Notebook PC Sleeve Protective Bag with Pen Holder (Dark Grey)",59.99
G.SKILL Ripjaws DDR4 SO-DIMM Series DDR4 RAM 32GB (1x32GB) 3200MT/s CL22-22-22-52 1.20V Unbuffered Non-ECC Notebook/Laptop Memory SODIMM (F4-3200C22S-32GRS),54.99
"15.6 inch Cover Case for ASUS VivoBook Pro 15 OLED Laptop& for Vivobook 15X /S15 Series & for ASUS X515 M515 D515 F515,Detachable PU Leather Protective Sleeve Bag Accessories (Burgundy)",53.99
"Laptop Cover Case for HP ProBook 440 14 inch G10 G9 G8 Notebook PC & for HP Probook 445 G8 G9 G10 & for HP ProBook 640 G8 Sleeve,Detachable PU Leather Case Bag Accessories (Dark Blue)",53.99
"Laptop Case Cover for 14'' Asus Zenbook 14 OLED & 14X & 14 Flip Notebook Sleeve [Please Check The Model], PU Leather Bag Protective Shell With Pen Holder and Heat Dissipation Hole (Dark Grey)",53.99
"Kenneth Cole REACTION Chelsea Quilted Chevron 15"" Laptop & Tablet Business Tote with Removable Shoulder Strap",53.05
G.SKILL Ripjaws DDR4 SO-DIMM Series DDR4 RAM 32GB (2x16GB) 3200MT/s CL22-22-22-52 1.20V Unbuffered Non-ECC Notebook/Laptop Memory SODIMM (F4-3200C22D-32GRS),52.38
"Laptop Cover Case for 14-inch Dell Latitude 5440 5430 5420 5431 5421 7430 7420[Not for Other Models],2 in 1 PU Leather Notebook Bag Shell Sleeve (Latitude 5440 5430 5420 5431 5421, Navy Blue)",49.99
"Case Cover for 14 inch HP Laptop 14-ep 14t-ep 14z-em 14-em & Hp Pavilion Laptop 14-dv 14-ec 14z-ec,PU Leather Notebook PC Sleeve Protective Bag Accessory (Wine red)",49.99
"Laptop Case Cover for Lenovo Yoga Slim 7 14IMH9 & for 14 inch Slim 7i Gen9,PU Leather Notebook PC Bag Sleeve Accessories with Thermal Vent and Pen Holder (Wine red)",49.99
"Laptop Case Cover for New Samsung Galaxy Book4 Edge 14'' & 14 inch Book 4 Pro & for Book3 Pro,PU Leather Notebook PC Bag Sleeve (Dark Blue, 14 inch)",49.99
"LOVEVOOK Backpack Fit 15.6 Inch Laptop,Lightweight Waterproof Casual Travel Backpack",49.98
"Calfinder Leather Portfolio with Handle, Lightweight Carrying Case with Pocket fits up to 15-inch Laptop, with Legal Pad Holder, Zippered Padfolio Folder Organizer, Black",49.0
Kingston Fury Impact 16 (2 x 8 GB) 3200MHz DDR4 CL20 Laptop Memory Kit of 2 KF432S20IBK2/16,48.75
"Solo New York Briefcase - Laptop Carrying Bag for Women & Men, Brief for Travel & Work, Front Zippered Section, Adjustable Shoulder Strap, Fits 15.6"" Computer - Astor Slim, Gray",45.3
"Solo New York Briefcase - Laptop Carrying Bag for Women & Men, Brief for Travel & Work, Front Zippered Section, Adjustable Shoulder Strap, Fits 15.6"" Computer - Astor Slim, Gray",45.3
"Kenneth Cole REACTION Women's Chelsea Chevron 15"" Laptop and Tablet Backpack, Black",44.51
"Logitech MX Anywhere 2S Bluetooth Edition Wireless Mouse - Use On Any Surface, Hyper-Fast Scrolling, Rechargeable, Control Up to 3 Apple Mac and Windows Computers and Laptops",41.0
"Crucial Memory Bundle with 16GB (2 x 8GB) DDR4 PC4-21300 2666MHz Memory (CT2K8G4SFS8266) Compatible with Latitude Notebook Laptop 5500, 5580, 5590, 5591, 7200, 7280, 7290, 7300, 7390, 7400, 7480, 7490",37.1
"Crucial 16GB DDR4 RAM Kit (2x8GB), 3200MHz (PC4-25600), Downclockable to 2933/2666MHz Laptop Memory SODIMM 260-Pin, Compatible with 13th Gen Intel Core and AMD Ryzen 7000 - CT2K8G4SFRA32A",34.99
"ESTARER Men's Leather Briefcase 15.6 Inch Laptop Computer Bag for Office/Business/Travel, Large Satchel Professional Leather Messenger Shoulder Bag, Black",34.31
LOVEVOOK Laptop Bag for Women 15.6 Inch Tote Work Professional Leather Computer Briefcase Waterproof Handbag Shoulder Large Capacity Business Teacher Office Crossbody Purse,29.96
Prite Laptop Tote Bag for Women Shoulder Bag with 16” Computer Compartment for Work Travel,28.99
Laptop Bag for Women Waterproof Lightweight Leather 15.6 Inch Computer Tote Bag Business Office Briefcase Large Capacity Handbag Shoulder Bag Professional Office Work Bag Beige,28.49
SC600 DC 12V PC CPU Water Cooling System Tool Water Pump 132.09 GPH 10W Brushless Drive Water Pump for Destop Computer Laptop Computer,26.99
"USB C HUB, 10 in 1 Docking Station with 4K HDMI, 3.0, PD 100W, 2 2.0, SD/TF Card Reader, Audio/Mic Compatible for Laptop, MacBook Pro/Air Surface & Typ -C Devices (HB025)",25.51
"BoxWave Case Compatible with KAIGERR Laptop (16 in) - QuickZip PlushSuit, Dual Zipper Sleeve Pouch Case with Soft Interior - Jet Black",24.0
"BoxWave Case Compatible with Dell XPS 14 Laptop Model: 9440 (14 in) - QuickZip PlushSuit, Dual Zipper Sleeve Pouch Case with Soft Interior - Jet Black",24.0
"BoxWave Case Compatible with Jumper J1 Convertible Laptop (16 in) - QuickZip PlushSuit, Dual Zipper Sleeve Pouch Case with Soft Interior - Jet Black",24.0
"BoxWave Case Compatible with ASUS Zenbook Duo Laptop (14 in) - QuickZip PlushSuit, Dual Zipper Sleeve Pouch Case with Soft Interior - Jet Black",24.0
8GB (1x8GB) DDR5 5600MHz PC5-44800 SODIMM 1Rx16 CL46 1.1v Laptop Notebook Memory RAM M425R1GB4BB0-CWM,22.99
Eonvic USB Type C 3.2 GEN 2 20Gb/s 100W 4K 60Hz Charging Data Braided Coiled Cable for iPhone 15 Pro Max Plus Samsung Galaxy Tablets Laptops Blackmagic Sony FX3 Camera,19.99
Laptop Cover for 16 Inch Samsung Galaxy Book3 Pro/Galaxy Book3 Pro 360/Galaxy Book 3 Ultra Case，PU Leather Laptop Bag Protective Shell Accessories (Dark Blue),18.72
"Customizable Corduroy Backpack with Name Embroidery - Lightweight, Perfect for School Trips and Laptop Carrying (Khaki)",18.0
Samsung 8GB DDR4 3200MHz PC4-25600 (PC4-3200AA) CL22 SODIMM 1Rx8 Single Rank 1.2V 260-Pin Laptop RAM Memory,17.99
"USB C Hub HDMI Adapter Dongle Docking Station MacBook Pro/Air 2025-2017 USB-C to 4K HDMI with 2 USB3.0,SD/TF for Apple/Dell/HP/Surface/Lenovo Laptop",16.99
Micron SODIMM 8GB PC5 DDR5 4800 1Rx16 MTC4C10163S1SC48BA1 Laptop Notebook RAM Memory for Dell HP Lenovo and Other Systems,14.35
"Yuandao 3.5mm Jack Wired Earbuds, HiFi Sound Audiophile Earphones with no Mic, 5 Year Warranty, Bass Stereo Wire in-Ear Headphones for iPhone, Android, PC, MacBook, Laptop, Tablet, Gaming",10.99
"MAGIC SPRUCE Car Cleaning Gel Kit for Car Interior, High End Apple Scented Cleaning Putty in Classy Jar, Detailing Cleaning Gel Universal Dust Cleaner, for Keyboard Apple Laptop, Car Cleaning Supplies",9.99
"MAGIC SPRUCE Car Cleaning Gel Kit for Car Interior, High End Apple Scented Cleaning Putty in Classy Jar, Detailing Cleaning Gel Universal Dust Cleaner, for Keyboard Apple Laptop, Car Cleaning Supplies",9.99
"MAGIC SPRUCE Car Cleaning Gel Kit for Car Interior, High End Apple Scented Cleaning Putty in Classy Jar, Detailing Cleaning Gel Universal Dust Cleaner, for Keyboard Apple Laptop, Car Cleaning Supplies",9.99
Samsung 4GB DDR3 PC3-12800 1600MHz 204-Pin SODIMM Laptop Memory Module RAM. Model M471B5273DH0-CK0,8.97
